<?xml version="1.0" encoding="utf-8"?>
<!DOCTYPE install PUBLIC "-//Joomla! 2.5//DTD template 1.0//EN" "https://www.joomla.org/xml/dtd/2.5/template-install.dtd">
<extension version="3.1" type="template" client="site">
	<name>business</name>
	<version>1.0</version>
	<creationDate>4/30/2012</creationDate>
	<author>Kyle Ledbetter</author>
	<authorEmail>admin@joomla.org</authorEmail>
	<copyright>Copyright (C) 2005 - 2020 Open Source Matters, Inc. All rights reserved.</copyright>
	<description>This is business design template</description>
	<files>
	
		
		<!-- <folder>assets/css</folder> -->
		<folder>assets</folder>
		<!-- <folder>assets/vendor</folder> -->
		
		
		<!-- <filename>inner-page.html</filename>
		<filename>blog-single.html</filename> -->
		<!-- <folder>blog/</folder>
		<folder>clients/</folder>
		<folder>portfolio/</folder>
		<folder>team/</folder>
		<folder>testimonials/</folder> -->
		<filename>index.php</filename>
		<filename>index.html</filename>
		<filename>templateDetails.xml</filename>
		
		
	
	
	</files>
	<positions>
		<!-- <position>menu</position>
		<position>showcase</position>
	
		<position>footer</position> -->

		<position>title</position>
        <position>top1</position>
        <position>top2</position>
        <position>top3</position>
        <position>logo</position>
        <position>menu</position>
        <position>search</position>
        <position>slide</position>
        <position>user1</position>
        <position>user2</position>
        <position>user3</position>
        <position>user4</position>
        <position>left</position>
        <position>right</position>
        <position>feature</position>
        <position>slider</position>
        <position>position1</position>
        <position>position2</position>
        <position>position3</position>
        <position>position4</position>
        <position>position5</position>
        <position>position6</position>
        <position>position7</position>
        <position>position8</position>
        <position>bottom1</position>
        <position>bottom2</position>
        <position>bottom3</position>
        <position>bottom4</position>
        <position>breadcrumb</position>
        <position>footer1</position>
        <position>footer2</position>
        <position>comingsoon</position>
        <position>offcanvas</position>
        <position>pagebuilder</position>
        <position>404</position>
        <position>debug</position>
	</positions>
	
</extension>
